<?xml version="1.0" encoding="utf-8"?><?xml-stylesheet type="text/css" href="dtbook.2005.basic.css"?>
<!DOCTYPE dtbook PUBLIC "-//NISO//DTD dtbook 2005-3//EN" "http://www.daisy.org/z3986/2005/dtbook-2005-3.dtd">
<dtbook xmlns="http://www.daisy.org/z3986/2005/dtbook/" version="2005-2" xml:lang="pt">
    <head>
        <meta name="dt:version" content="1.0" />
        <meta name="dc:Title" content="Nossa Vida e Ministério Cristão — Apostila da Reunião 202509"/>
        <meta name="dc:Creator" content="Watchtower"/>
        <meta name="dc:Publisher" content="Watch Tower Bible and Tract Society of Pennsylvania"/>
        <meta name="dc:Date" content="None"/>
        <meta name="dc:Language" content="pt" />
        <meta name="dc:identifier" content="" />
        <meta name="dtb:uid" content=""/>
        <meta name="generator" content="Anemone 1.81 (http://ssb22.user.srcf.net/anemone)"/>
    </head>
    <book>
        <frontmatter><doctitle>Nossa Vida e Ministério Cristão — Apostila da Reunião 202509</doctitle><docauthor>Watchtower</docauthor></frontmatter><bodymatter>
<level1><h1 id="p1">1-7 de setembro</h1>
<level2><h2 id="p2"><strong>PROVÉRBIOS 29</strong></h2>
<level3><h3 id="p3"><strong>Cântico 28</strong> <strong>e oração | Comentários iniciais</strong> (1 min)</h3></level3></level2>
<level2><h2 id="p4">TESOUROS DA PALAVRA DE DEUS</h2>
<level3><h3 id="p5">1. Rejeite crenças e costumes que não são baseados na Bíblia</h3>
<p id="p6">(10 min)</p>
<p id="p7">Obedeça a Jeová e seja feliz de verdade. (Pro. 29:18; <em>wp16.6</em> 6, quadro)</p>
<p id="p8">Peça a Jeová sabedoria para entender se um costume agrada a ele ou não. (Pro. 29:3a; <em>w19.04</em> 17 § 13)</p>
<p id="p9">Não deixe que outros pressionem você a participar de costumes errados. (Pro. 29:25; <em>w18.11</em> 11 § 12)</p><p><imggroup><img src="1.jpg" id="i0" /></imggroup></p>
<p id="p10">Para não ceder à pressão de outros, faça pesquisas bíblicas cuidadosas e tenha uma boa comunicação</p></level3>
<level3><h3 id="p11">2. Joias espirituais</h3>
<p id="p12">(10 min)</p>
<p id="p13">Pro. 29:5 — O que significa bajular, ou lisonjear, e como “o homem que bajula seu próximo arma uma rede para os pés dele”? (it “Lisonja” § 1)</p>
<p id="p14">Que joias espirituais você encontrou na leitura da Bíblia desta semana?</p></level3>
<level3><h3 id="p15">3. Leitura da Bíblia</h3>
<p id="p16">(4 min) Pro. 29:1-18 (th lição 5)</p></level3></level2>
<level2><h2 id="p17">FAÇA SEU MELHOR NO MINISTÉRIO</h2>
<level3><h3 id="p18">4. Iniciando conversas</h3>
<p id="p19">(3 min) TESTEMUNHO INFORMAL. Convide a pessoa para o discurso especial. (lmd lição 2 ponto 3)</p></level3>
<level3><h3 id="p20">5. Iniciando conversas</h3>
<p id="p21">(4 min) DE CASA EM CASA. Use <em>A Sentinela</em> N.º 1 de 2025 para começar a conversa. A pessoa mostra interesse em outro assunto. Ajuste sua apresentação. (lmd lição 3 ponto 3)</p></level3>
<level3><h3 id="p22">6. Iniciando conversas</h3>
<p id="p23">(5 min) TESTEMUNHO INFORMAL. Ofereça <em>A Sentinela</em> N.º 1 de 2025 para alguém que está preocupado com as guerras. (lmd lição 3 ponto 4)</p></level3></level2>
<level2><h2 id="p24">NOSSA VIDA CRISTÃ</h2>
<level3><h3 id="p25"><strong>Cântico 159</strong></h3></level3>
<level3><h3 id="p26">7. Necessidades locais</h3>
<p id="p27">(15 min)</p></level3>
<level3><h3 id="p28">8. Estudo bíblico de congregação</h3>
<p id="p29">(30 min) <em>lfb</em> introdução da seção 4 e histórias 14-15</p></level3>
<level3><h3 id="p30">Comentários finais (3 min) | Cântico 31 e oração</h3></level3></level2></level1>
    </bodymatter></book>
</dtbook>
