<?xml version="1.0" encoding="utf-8"?><?xml-stylesheet type="text/css" href="dtbook.2005.basic.css"?>
<!DOCTYPE dtbook PUBLIC "-//NISO//DTD dtbook 2005-3//EN" "http://www.daisy.org/z3986/2005/dtbook-2005-3.dtd">
<dtbook xmlns="http://www.daisy.org/z3986/2005/dtbook/" version="2005-2" xml:lang="pt">
    <head>
        <meta name="dt:version" content="1.0" />
        <meta name="dc:Title" content="Nossa Vida e Ministério Cristão — Apostila da Reunião 202509"/>
        <meta name="dc:Creator" content="Watchtower"/>
        <meta name="dc:Publisher" content="Watch Tower Bible and Tract Society of Pennsylvania"/>
        <meta name="dc:Date" content="None"/>
        <meta name="dc:Language" content="pt" />
        <meta name="dc:identifier" content="" />
        <meta name="dtb:uid" content=""/>
        <meta name="generator" content="Anemone 1.81 (http://ssb22.user.srcf.net/anemone)"/>
    </head>
    <book>
        <frontmatter><doctitle>Nossa Vida e Ministério Cristão — Apostila da Reunião 202509</doctitle><docauthor>Watchtower</docauthor></frontmatter><bodymatter>
<level1><h1 id="p32">8-14 de setembro</h1>
<level2><h2 id="p33"><strong>PROVÉRBIOS 30</strong></h2>
<level3><h3 id="p34"><strong>Cântico 136</strong> <strong>e oração | Comentários iniciais</strong> (1 min)</h3></level3></level2>
<level2><h2 id="p35">TESOUROS DA PALAVRA DE DEUS</h2>
<level3><h3 id="p36">1. “Não me dês nem pobreza nem riquezas”</h3>
<p id="p37">(10 min)</p>
<p id="p38">A verdadeira felicidade vem de confiar em Deus, não nas riquezas. (Pro. 30:8, 9; <em>w18.01</em> 24-25 §§ 10-12)</p>
<p id="p39">A pessoa gananciosa nunca fica satisfeita. (Pro. 30:15, 16; <em>w87</em> 15/5 30 § 8)</p>
<p id="p40">Os princípios da Bíblia podem ajudar você a evitar dívidas e estresse desnecessários. (Pro. 30:24, 25; <em>w11</em> 1/6 10 § 3)</p><p><imggroup><img src="2.jpg" id="i1" /></imggroup></p>
<p id="p41"><strong>SUGESTÃO PARA SUA ADORAÇÃO EM FAMÍLIA:</strong> Conversem sobre como cada um de vocês encara o dinheiro. — <em>w24.06</em> 13 § 18.</p></level3>
<level3><h3 id="p42">2. Joias espirituais</h3>
<p id="p43">(10 min)</p>
<p id="p44">Pro. 30:26 — O que podemos aprender do procávia? (w09 15/4 17 §§ 11-13)</p>
<p id="p45">Que joias espirituais você encontrou na leitura da Bíblia desta semana?</p></level3>
<level3><h3 id="p46">3. Leitura da Bíblia</h3>
<p id="p47">(4 min) Pro. 30:1-14 (th lição 2)</p></level3></level2>
<level2><h2 id="p48">FAÇA SEU MELHOR NO MINISTÉRIO</h2>
<level3><h3 id="p49">4. Iniciando conversas</h3>
<p id="p50">(4 min) DE CASA EM CASA. Use <em>A Sentinela</em> N.º 1 de 2025 para começar uma conversa. (lmd lição 1 ponto 3)</p></level3>
<level3><h3 id="p51">5. Cultivando o interesse</h3>
<p id="p52">(4 min) TESTEMUNHO PÚBLICO. (lmd lição 9 ponto 3)</p></level3>
<level3><h3 id="p53">6. Explicando suas crenças</h3>
<p id="p54">(4 min) Discurso. <em>ijwbq</em> artigo 102 — Tema: Jogar é pecado? (th lição 7)</p></level3></level2>
<level2><h2 id="p55">NOSSA VIDA CRISTÃ</h2>
<level3><h3 id="p56"><strong>Cântico 80</strong></h3></level3>
<level3><h3 id="p57">7. <em>Não Seja Enganado pela Falsa Paz! — Chibisa Selemani</em></h3>
<p id="p58">(5 min) Consideração.</p>
<p id="p59"><strong>Mostre o VÍDEO.</strong> Depois, pergunte:</p>
<p id="p60">O que a experiência do irmão Chibisa nos ensina sobre tomar decisões que resultem em verdadeira felicidade e segurança?</p></level3>
<level3><h3 id="p61">8. <em>Realizações da Organização,</em> setembro</h3>
<p id="p62">(10 min) <strong>Mostre o VÍDEO.</strong></p></level3>
<level3><h3 id="p63">9. Estudo bíblico de congregação</h3>
<p id="p64">(30 min) <em>lfb</em> histórias 16-17</p></level3>
<level3><h3 id="p65">Comentários finais (3 min) | Cântico 128 e oração</h3></level3></level2></level1>
    </bodymatter></book>
</dtbook>
