<?xml version="1.0" encoding="utf-8"?><?xml-stylesheet type="text/css" href="dtbook.2005.basic.css"?>
<!DOCTYPE dtbook PUBLIC "-//NISO//DTD dtbook 2005-3//EN" "http://www.daisy.org/z3986/2005/dtbook-2005-3.dtd">
<dtbook xmlns="http://www.daisy.org/z3986/2005/dtbook/" version="2005-2" xml:lang="pt">
    <head>
        <meta name="dt:version" content="1.0" />
        <meta name="dc:Title" content="Nossa Vida e Ministério Cristão — Apostila da Reunião 202509"/>
        <meta name="dc:Creator" content="Watchtower"/>
        <meta name="dc:Publisher" content="Watch Tower Bible and Tract Society of Pennsylvania"/>
        <meta name="dc:Date" content="None"/>
        <meta name="dc:Language" content="pt" />
        <meta name="dc:identifier" content="" />
        <meta name="dtb:uid" content=""/>
        <meta name="generator" content="Anemone 1.81 (http://ssb22.user.srcf.net/anemone)"/>
    </head>
    <book>
        <frontmatter><doctitle>Nossa Vida e Ministério Cristão — Apostila da Reunião 202509</doctitle><docauthor>Watchtower</docauthor></frontmatter><bodymatter>
<level1><h1 id="p67">15-21 de setembro</h1>
<level2><h2 id="p68"><strong>PROVÉRBIOS 31</strong></h2>
<level3><h3 id="p69"><strong>Cântico 135</strong> <strong>e oração | Comentários iniciais</strong> (1 min)</h3></level3></level2>
<level2><h2 id="p70">TESOUROS DA PALAVRA DE DEUS</h2><p><imggroup><img src="3.jpg" id="i2" /></imggroup></p>
<level3><h3 id="p71">1. O que aprendemos dos conselhos de uma mãe amorosa</h3>
<p id="p72">(10 min)</p>
<p id="p73">Ensine a seus filhos o que Jeová pensa sobre sexo e casamento. (Pro. 31:3, 10; <em>w11</em> 1/2 19 §§ 7-8)</p>
<p id="p74">Ensine seus filhos a ver o álcool como Jeová vê. (Pro. 31:4-6; <em>ijwhf</em> artigo 4 §§ 11-13)</p>
<p id="p75">Ensine seus filhos a ajudar as pessoas assim como Jeová faz. (Pro. 31:8, 9; <em>g17.6</em> 9 § 5)</p></level3>
<level3><h3 id="p76">2. Joias espirituais</h3>
<p id="p77">(10 min)</p>
<p id="p78">Pro. 31:10-31 — O que são acrósticos alfabéticos, e por que eles eram usados nas Escrituras Hebraicas? (w92 1/11 11 §§ 7-8)</p>
<p id="p79">Que joias espirituais você encontrou na leitura da Bíblia desta semana?</p></level3>
<level3><h3 id="p80">3. Leitura da Bíblia</h3>
<p id="p81">(4 min) Pro. 31:10-31 (th lição 10)</p></level3></level2>
<level2><h2 id="p82">FAÇA SEU MELHOR NO MINISTÉRIO</h2>
<level3><h3 id="p83">4. Iniciando conversas</h3>
<p id="p84">(3 min) TESTEMUNHO INFORMAL. Comece uma conversa depois de alguém falar ou fazer algo bondoso. (lmd lição 5 ponto 3)</p></level3>
<level3><h3 id="p85">5. Iniciando conversas</h3>
<p id="p86">(4 min) DE CASA EM CASA. Fale sobre uma das “Verdades que amamos ensinar”, do apêndice A da brochura <em>Ame as Pessoas.</em> (lmd lição 1 ponto 4)</p></level3>
<level3><h3 id="p87">6. Cultivando o interesse</h3>
<p id="p88">(5 min) DE CASA EM CASA. Convide para o discurso especial alguém que aceitou <em>A Sentinela</em> N.º 1 de 2025. (lmd lição 7 ponto 4)</p></level3></level2>
<level2><h2 id="p89">NOSSA VIDA CRISTÃ</h2>
<level3><h3 id="p90"><strong>Cântico 121</strong></h3></level3>
<level3><h3 id="p91">7. Ajude seus filhos a usar aparelhos eletrônicos com sabedoria</h3>
<p id="p92">(8 min) Consideração.</p>
<p id="p93">Você já viu como as crianças conseguem usar bem o celular e o tablet? Para elas, isso parece tão fácil! Talvez elas não precisem de ajuda para saber como usar a tecnologia, mas elas sempre vão precisar de ajuda para aprender a usá-la com sabedoria. Pais, como vocês podem treinar seus filhos para usar a tecnologia de modo sábio?</p><p><imggroup><img src="4.jpg" id="i3" /></imggroup></p>
<p id="p94"><strong>Mostre o VÍDEO</strong> <strong><em>Use Bem o Seu Tempo.</em></strong> Depois, pergunte:</p>
<p id="p95">Por que é bom colocar um limite no tempo que usamos nossos aparelhos eletrônicos?</p>
<p id="p96">Precisamos usar nosso tempo para que outras coisas?</p>
<p id="p97">Crie regras para sua família com base em princípios bíblicos, em vez de copiar o que outros pais estão fazendo. (Gál. 6:5) Por exemplo, pergunte-se:</p>
<p id="p98">Será que meu filho já mostrou que tem responsabilidade e autodomínio suficientes para usar meu aparelho ou até para ter o seu próprio aparelho? — 1 Cor. 9:25.</p>
<p id="p99">Até que ponto eu devo supervisionar meu filho enquanto ele está usando aparelhos eletrônicos? — Pro. 18:1.</p>
<p id="p100">Quais aplicativos e sites eu vou deixar meu filho usar, e quais eu não vou deixar? — Efé. 5:3-5; Fil. 4:8, 9.</p>
<p id="p101">Qual seria um limite de tempo diário razoável para que ele ainda consiga fazer outras coisas importantes e divertidas? — Ecl. 3:1.</p></level3>
<level3><h3 id="p102">8. Necessidades locais</h3>
<p id="p103">(7 min)</p></level3>
<level3><h3 id="p104">9. Estudo bíblico de congregação</h3>
<p id="p105">(30 min) <em>lfb</em> histórias 18-19</p></level3>
<level3><h3 id="p106">Comentários finais (3 min) | Cântico 2 e oração</h3></level3></level2></level1>
    </bodymatter></book>
</dtbook>
