<?xml version="1.0" encoding="utf-8"?><?xml-stylesheet type="text/css" href="dtbook.2005.basic.css"?>
<!DOCTYPE dtbook PUBLIC "-//NISO//DTD dtbook 2005-3//EN" "http://www.daisy.org/z3986/2005/dtbook-2005-3.dtd">
<dtbook xmlns="http://www.daisy.org/z3986/2005/dtbook/" version="2005-2" xml:lang="pt">
    <head>
        <meta name="dt:version" content="1.0" />
        <meta name="dc:Title" content="Nossa Vida e Ministério Cristão — Apostila da Reunião 202509"/>
        <meta name="dc:Creator" content="Watchtower"/>
        <meta name="dc:Publisher" content="Watch Tower Bible and Tract Society of Pennsylvania"/>
        <meta name="dc:Date" content="None"/>
        <meta name="dc:Language" content="pt" />
        <meta name="dc:identifier" content="" />
        <meta name="dtb:uid" content=""/>
        <meta name="generator" content="Anemone 1.81 (http://ssb22.user.srcf.net/anemone)"/>
    </head>
    <book>
        <frontmatter><doctitle>Nossa Vida e Ministério Cristão — Apostila da Reunião 202509</doctitle><docauthor>Watchtower</docauthor></frontmatter><bodymatter>
<level1><h1 id="p108">22-28 de setembro</h1>
<level2><h2 id="p109"><strong>ECLESIASTES 1-2</strong></h2>
<level3><h3 id="p110"><strong>Cântico 103</strong> <strong>e oração | Comentários iniciais</strong> (1 min)</h3></level3></level2>
<level2><h2 id="p111">TESOUROS DA PALAVRA DE DEUS</h2>
<level3><h3 id="p112">1. Continue treinando as próximas gerações</h3>
<p id="p113">(10 min)</p>
<p id="p114"><strong>[Mostre o VÍDEO</strong> Introdução a Eclesiastes.]</p>
<p id="p115">Cada geração tem a responsabilidade de treinar a próxima. (Ecl. 1:4; <em>w17.01</em> 27-28 §§ 3-4)</p>
<p id="p116">Quando treinamos outros e damos a eles tarefas para fazer, permitimos que eles sintam a alegria que vem de trabalhar bastante para Jeová. (Ecl. 2:24)</p><p><imggroup><img src="5.jpg" id="i4" /></imggroup></p>
<p id="p117">Não deixe de treinar os mais jovens por medo de perder um privilégio que você gosta</p></level3>
<level3><h3 id="p118">2. Joias espirituais</h3>
<p id="p119">(10 min)</p>
<p id="p120">Ecl. 1:1 — Descreva a função de Salomão como “congregante”. (it “Eclesiastes” § 1)</p>
<p id="p121">Que joias espirituais você encontrou na leitura da Bíblia desta semana?</p></level3>
<level3><h3 id="p122">3. Leitura da Bíblia</h3>
<p id="p123">(4 min) Ecl. 1:1-18 (th lição 11)</p></level3></level2>
<level2><h2 id="p124">FAÇA SEU MELHOR NO MINISTÉRIO</h2>
<level3><h3 id="p125">4. Iniciando conversas</h3>
<p id="p126">(2 min) TESTEMUNHO INFORMAL. Descubra um assunto que interessa a pessoa. Combine de entrar em contato com ela de novo. (lmd lição 3 ponto 5)</p></level3>
<level3><h3 id="p127">5. Iniciando conversas</h3>
<p id="p128">(2 min) TESTEMUNHO PÚBLICO. Fale sobre uma das “Verdades que amamos ensinar”, usando o método mencionado no início do apêndice A da brochura Ame as Pessoas. (lmd lição 2 ponto 3)</p></level3>
<level3><h3 id="p129">6. Cultivando o interesse</h3>
<p id="p130">(2 min) TESTEMUNHO INFORMAL. Responda a uma pergunta que a pessoa fez numa conversa anterior. (lmd lição 9 ponto 5)</p></level3>
<level3><h3 id="p131">7. Fazendo discípulos</h3>
<p id="p132">(5 min) TESTEMUNHO PÚBLICO. Mostre como é feito um estudo bíblico e combine com a pessoa o próximo estudo. (lmd lição 10 ponto 3)</p></level3></level2>
<level2><h2 id="p133">NOSSA VIDA CRISTÃ</h2>
<level3><h3 id="p134"><strong>Cântico 84</strong></h3></level3>
<level3><h3 id="p135">8. Três lições importantes sobre dar treinamento</h3>
<p id="p136">(15 min) Consideração.</p><p><imggroup><img src="6.jpg" id="i5" /></imggroup></p>
<p id="p137">O amor nos motiva a treinar outros para que eles também possam fazer o trabalho que Jeová nos deu</p>
<p id="p138">Na Bíblia, encontramos vários exemplos excelentes que nos ensinam como treinar outros. Podemos aprender muito da maneira como Samuel treinou Saul, como Elias treinou Eliseu, como Jesus treinou seus discípulos e como Paulo treinou Timóteo. Mas é claro que ninguém é melhor do que Jeová para treinar outros. O que podemos aprender do exemplo dele?</p>
<p id="p139"><strong>Mostre o VÍDEO</strong> <strong><em>Imite o Treinador Perfeito, Jeová</em> (João 5:20) <em>— Trecho.</em></strong> Depois, pergunte:</p>
<p id="p140">Que três lições aprendemos do modo como Jeová treina outros?</p></level3>
<level3><h3 id="p141">9. Estudo bíblico de congregação</h3>
<p id="p142">(30 min) <em>lfb</em> histórias 20-21</p></level3>
<level3><h3 id="p143">Comentários finais (3 min) | Cântico 148 e oração</h3></level3></level2></level1>
    </bodymatter></book>
</dtbook>
