<?xml version="1.0" encoding="utf-8"?><?xml-stylesheet type="text/css" href="dtbook.2005.basic.css"?>
<!DOCTYPE dtbook PUBLIC "-//NISO//DTD dtbook 2005-3//EN" "http://www.daisy.org/z3986/2005/dtbook-2005-3.dtd">
<dtbook xmlns="http://www.daisy.org/z3986/2005/dtbook/" version="2005-2" xml:lang="pt">
    <head>
        <meta name="dt:version" content="1.0" />
        <meta name="dc:Title" content="Nossa Vida e Ministério Cristão — Apostila da Reunião 202509"/>
        <meta name="dc:Creator" content="Watchtower"/>
        <meta name="dc:Publisher" content="Watch Tower Bible and Tract Society of Pennsylvania"/>
        <meta name="dc:Date" content="None"/>
        <meta name="dc:Language" content="pt" />
        <meta name="dc:identifier" content="" />
        <meta name="dtb:uid" content=""/>
        <meta name="generator" content="Anemone 1.81 (http://ssb22.user.srcf.net/anemone)"/>
    </head>
    <book>
        <frontmatter><doctitle>Nossa Vida e Ministério Cristão — Apostila da Reunião 202509</doctitle><docauthor>Watchtower</docauthor></frontmatter><bodymatter>
<level1><h1 id="p145">29 de setembro–5 de outubro</h1>
<level2><h2 id="p146"><strong>ECLESIASTES 3-4</strong></h2>
<level3><h3 id="p147"><strong>Cântico 93</strong> <strong>e oração | Comentários iniciais</strong> (1 min)</h3></level3></level2>
<level2><h2 id="p148">TESOUROS DA PALAVRA DE DEUS</h2><p><imggroup><img src="7.jpg" id="i6" /></imggroup></p>
<level3><h3 id="p149">1. Fortaleçam o cordão tríplice do seu casamento</h3>
<p id="p150">(10 min)</p>
<p id="p151">Passem tempo juntos e com Jeová</p>
<p id="p152">Tirem um tempo para ter conversas de qualidade. (Ecl. 3:1; <em>ijwhf</em> artigo 10 §§ 2-8)</p>
<p id="p153">Façam coisas juntos. (Ecl. 4:9; <em>w23.05</em> 23-24 §§ 12-14)</p>
<p id="p154">Procurem fortalecer sua amizade com Jeová. (Ecl. 4:12; <em>w23.05</em> 21 § 3)</p>
<p id="p155"><strong>PERGUNTE-SE:</strong> ‘Se eu ficar muito tempo longe do meu marido ou esposa, talvez viajando de férias ou a trabalho, que efeito isso pode ter no meu casamento?’</p></level3>
<level3><h3 id="p156">2. Joias espirituais</h3>
<p id="p157">(10 min)</p>
<p id="p158">Ecl. 3:8 — Quando <strong><em>não</em></strong> é “tempo para amar”? (it “Amor” § 39)</p>
<p id="p159">Que joias espirituais você encontrou na leitura da Bíblia desta semana?</p></level3>
<level3><h3 id="p160">3. Leitura da Bíblia</h3>
<p id="p161">(4 min) Ecl. 4:1-16 (th lição 2)</p></level3></level2>
<level2><h2 id="p162">FAÇA SEU MELHOR NO MINISTÉRIO</h2>
<level3><h3 id="p163">4. Iniciando conversas</h3>
<p id="p164">(3 min) DE CASA EM CASA. Use <em>A Sentinela</em> N°. 1 de 2025 para começar uma conversa. A pessoa mostra interesse em outro assunto. Ajuste o que você ia falar, levando em conta o que ela mencionou. (lmd lição 2 ponto 5)</p></level3>
<level3><h3 id="p165">5. Cultivando o interesse</h3>
<p id="p166">(4 min) TESTEMUNHO INFORMAL. Ofereça um estudo bíblico para uma pessoa que aceitou <em>A Sentinela</em> N°. 1 de 2025. (lmd lição 9 ponto 4)</p></level3>
<level3><h3 id="p167">6. Discurso</h3>
<p id="p168">(5 min) <em>lmd</em> apêndice A ponto 12 — Tema: Deus é justo e não tem preconceitos. (th lição 19)</p></level3></level2>
<level2><h2 id="p169">NOSSA VIDA CRISTÃ</h2>
<level3><h3 id="p170"><strong>Cântico 131</strong></h3></level3>
<level3><h3 id="p171">7. Quando surgir problemas no seu casamento, não se esqueça de Jeová</h3>
<p id="p172">(15 min) Consideração.</p>
<p id="p173">Jeová já deu aos casais toda a ajuda que eles precisam para ter um casamento feliz. Mesmo assim, todo casal passa por problemas de vez em quando. (1 Cor. 7:28) Mas, se esses problemas no relacionamento não forem resolvidos, o marido e a esposa podem ficar cada vez mais infelizes e até achar que a situação não tem mais solução. Se estiver passando por isso, o que você pode fazer?</p>
<p id="p174">O vídeo <em>Um Amor de Verdade</em> mostra um casal jovem passando por sérios problemas no casamento. Consegue lembrar do conselho do pai da Megan quando ela ia tomar uma decisão sem levar em conta o que Jeová pensava?</p>
<p id="p175"><strong>Mostre o VÍDEO</strong> <strong><em>Um Amor de Verdade — Trecho.</em></strong> Depois, pergunte:</p>
<p id="p176">Quando passamos por problemas no casamento, por que seguir os conselhos de Jeová é sempre a melhor opção? — Isa. 48:17; Mat. 19:6.</p>
<p id="p177">Se você passar por problemas no casamento, não deixe Jeová de lado. Mantenha uma boa rotina espiritual. Esforce-se para resolver os problemas usando princípios da Bíblia. Faça pesquisas nas nossas publicações para saber o ponto de vista de Jeová e o que ele espera que você faça. Por fazer isso, você vai deixar claro para Jeová que você quer a ajuda e as bênçãos dele. — Pro. 10:22; Isa. 41:10.</p><p><imggroup><img src="8.jpg" id="i7" /></imggroup></p>
<p id="p178"><strong>Mostre o VÍDEO</strong> <strong><em>Não Seja Enganado pela Falsa Paz! — Darrel e Deborah Freisinger.</em></strong> Depois, pergunte:</p>
<p id="p179">O que você aprendeu do exemplo do casal Freisinger sobre como lidar com sérios problemas no casamento?</p></level3>
<level3><h3 id="p180">8. Estudo bíblico de congregação</h3>
<p id="p181">(30 min) <em>lfb</em> história 22, introdução da seção 5 e história 23</p></level3>
<level3><h3 id="p182">Comentários finais (3 min) | Cântico 51 e oração</h3></level3></level2></level1>
    </bodymatter></book>
</dtbook>
