<?xml version="1.0" encoding="utf-8"?><?xml-stylesheet type="text/css" href="dtbook.2005.basic.css"?>
<!DOCTYPE dtbook PUBLIC "-//NISO//DTD dtbook 2005-3//EN" "http://www.daisy.org/z3986/2005/dtbook-2005-3.dtd">
<dtbook xmlns="http://www.daisy.org/z3986/2005/dtbook/" version="2005-2" xml:lang="pt">
    <head>
        <meta name="dt:version" content="1.0" />
        <meta name="dc:Title" content="Nossa Vida e Ministério Cristão — Apostila da Reunião 202509"/>
        <meta name="dc:Creator" content="Watchtower"/>
        <meta name="dc:Publisher" content="Watch Tower Bible and Tract Society of Pennsylvania"/>
        <meta name="dc:Date" content="None"/>
        <meta name="dc:Language" content="pt" />
        <meta name="dc:identifier" content="" />
        <meta name="dtb:uid" content=""/>
        <meta name="generator" content="Anemone 1.81 (http://ssb22.user.srcf.net/anemone)"/>
    </head>
    <book>
        <frontmatter><doctitle>Nossa Vida e Ministério Cristão — Apostila da Reunião 202509</doctitle><docauthor>Watchtower</docauthor></frontmatter><bodymatter>
<level1><h1 id="p184">6-12 de outubro</h1>
<level2><h2 id="p185"><strong>ECLESIASTES 5-6</strong></h2>
<level3><h3 id="p186"><strong>Cântico 42</strong> <strong>e oração | Comentários iniciais</strong> (1 min)</h3></level3></level2>
<level2><h2 id="p187">TESOUROS DA PALAVRA DE DEUS</h2><p><imggroup><img src="9.jpg" id="i8" /></imggroup></p>
<level3><h3 id="p188">1. Como mostrar profundo respeito pelo nosso grandioso Deus</h3>
<p id="p189">(10 min)</p>
<p id="p190">Um grupo de israelitas presta bastante atenção enquanto um sacerdote explica a Lei</p>
<p id="p191">Mostramos respeito nas reuniões por ouvirmos com atenção e também pelo nosso modo de vestir e nossa aparência. (Ecl. 5:1; <em>w08</em> 15/8 15-16 §§ 17-18)</p>
<p id="p192">Fazemos orações públicas que são bem-pensadas, respeitosas e não longas demais. (Ecl. 5:2; <em>w09</em> 15/11 11 § 21)</p>
<p id="p193">Cumprimos com o nosso voto de dedicação. (Ecl. 5:4-6; <em>w17.04</em> 6 § 12)</p><p><imggroup><img src="10.jpg" id="i9" /></imggroup></p></level3>
<level3><h3 id="p194">2. Joias espirituais</h3>
<p id="p195">(10 min)</p>
<p id="p196">Ecl. 5:8 — Como esse texto pode nos consolar quando acontece uma injustiça? (w20.09 31 §§ 3-5)</p>
<p id="p197">Que joias espirituais você encontrou na leitura da Bíblia desta semana?</p></level3>
<level3><h3 id="p198">3. Leitura da Bíblia</h3>
<p id="p199">(4 min) Ecl. 5:1-17 (th lição 12)</p></level3></level2>
<level2><h2 id="p200">FAÇA SEU MELHOR NO MINISTÉRIO</h2>
<level3><h3 id="p201">4. Iniciando conversas</h3>
<p id="p202">(1 min) DE CASA EM CASA. A pessoa quer discutir com você. (lmd lição 4 ponto 5)</p></level3>
<level3><h3 id="p203">5. Iniciando conversas</h3>
<p id="p204">(2 min) TESTEMUNHO INFORMAL. Fale sobre uma das “Verdades que amamos ensinar”, do apêndice A da brochura <em>Ame as Pessoas.</em> (lmd lição 1 ponto 3)</p></level3>
<level3><h3 id="p205">6. Cultivando o interesse</h3>
<p id="p206">(3 min) DE CASA EM CASA. Use um vídeo do Kit de Ensino. (lmd lição 7 ponto 3)</p></level3>
<level3><h3 id="p207">7. Fazendo discípulos</h3>
<p id="p208">(5 min) <em>lff</em> lição 17 introdução e pontos 1-3 (lmd lição 11 ponto 3)</p></level3></level2>
<level2><h2 id="p209">NOSSA VIDA CRISTÃ</h2>
<level3><h3 id="p210"><strong>Cântico 160</strong></h3></level3>
<level3><h3 id="p211">8. Você está usando “Verdades que amamos ensinar”?</h3>
<p id="p212">(15 min) Consideração.</p><p><imggroup><img src="11.jpg" id="i10" /></imggroup></p>
<p id="p213">Desde que foi lançada, a brochura <em>Ame as Pessoas — Faça Discípulos</em> tem nos ajudado a melhorar nossa habilidade de conversar com as pessoas. O apêndice A foi criado especialmente para nos ajudar a falar de verdades simples da Bíblia nas nossas conversas. (Heb. 4:12) Você já conhece bem os nove assuntos do apêndice “Verdades que amamos ensinar”?</p>
<p id="p214">Como podemos começar a falar de uma verdade bíblica num momento apropriado durante uma conversa? — <em>lmd</em> apêndice A.</p>
<p id="p215">Que assuntos mais interessariam as pessoas em seu território?</p>
<p id="p216">O que você pode fazer para conhecer melhor os textos do apêndice A?</p>
<level4><h4 id="p217">TENTE O SEGUINTE:</h4>
<p id="p218">Tente se lembrar de pelo menos um texto de cada assunto do apêndice A. Comece com aqueles que podem ser mais interessantes para as pessoas em seu território.</p>
<p id="p219">Quanto mais usarmos esses textos na pregação, mais fácil vai ser lembrar deles depois. Mas, para usarmos esses textos com regularidade, precisamos primeiro conseguir conversar com as pessoas do nosso território.</p>
<p id="p220"><strong>Mostre o VÍDEO</strong> <strong><em>“Ferro Afia o Ferro” — Alcance mais Pessoas.</em></strong> Depois, pergunte:</p>
<p id="p221">O que pode nos ajudar a falar com mais pessoas no nosso território?</p></level4></level3>
<level3><h3 id="p222">9. Estudo bíblico de congregação</h3>
<p id="p223">(30 min) <em>lfb</em> histórias 24-25</p></level3>
<level3><h3 id="p224">Comentários finais (3 min) | Cântico 34 e oração</h3></level3></level2></level1>
    </bodymatter></book>
</dtbook>
