<?xml version="1.0" encoding="utf-8"?><?xml-stylesheet type="text/css" href="dtbook.2005.basic.css"?>
<!DOCTYPE dtbook PUBLIC "-//NISO//DTD dtbook 2005-3//EN" "http://www.daisy.org/z3986/2005/dtbook-2005-3.dtd">
<dtbook xmlns="http://www.daisy.org/z3986/2005/dtbook/" version="2005-2" xml:lang="pt">
    <head>
        <meta name="dt:version" content="1.0" />
        <meta name="dc:Title" content="Nossa Vida e Ministério Cristão — Apostila da Reunião 202509"/>
        <meta name="dc:Creator" content="Watchtower"/>
        <meta name="dc:Publisher" content="Watch Tower Bible and Tract Society of Pennsylvania"/>
        <meta name="dc:Date" content="None"/>
        <meta name="dc:Language" content="pt" />
        <meta name="dc:identifier" content="" />
        <meta name="dtb:uid" content=""/>
        <meta name="generator" content="Anemone 1.81 (http://ssb22.user.srcf.net/anemone)"/>
    </head>
    <book>
        <frontmatter><doctitle>Nossa Vida e Ministério Cristão — Apostila da Reunião 202509</doctitle><docauthor>Watchtower</docauthor></frontmatter><bodymatter>
<level1><h1 id="p226">13-19 de outubro</h1>
<level2><h2 id="p227"><strong>ECLESIASTES 7-8</strong></h2>
<level3><h3 id="p228"><strong>Cântico 39</strong> <strong>e oração | Comentários iniciais</strong> (1 min)</h3></level3></level2>
<level2><h2 id="p229">TESOUROS DA PALAVRA DE DEUS</h2>
<level3><h3 id="p230">1. ‘Vá à casa onde há luto’</h3>
<p id="p231">(10 min)</p>
<p id="p232">Tire tempo para consolar quem perdeu alguém. (Ecl. 7:2; <em>it</em> “Pranto” § 9)</p>
<p id="p233">Console a pessoa relembrando as boas qualidades de quem faleceu. (Ecl. 7:1; <em>w19.06</em> 23 § 15)</p>
<p id="p234">Ore com quem está de luto. (w17.07 16 § 16)</p><p><imggroup><img src="12.jpg" id="i11" /></imggroup></p>
<p id="p235"><strong>LEMBRE-SE:</strong> Geralmente, quem perdeu alguém continua precisando do apoio dos irmãos por algum tempo depois da morte da pessoa. — w17.07 16 §§ 17-19.</p></level3>
<level3><h3 id="p236">2. Joias espirituais</h3>
<p id="p237">(10 min)</p>
<p id="p238">Ecl. 7:20-22 — Como esses versículos podem nos ajudar a decidir se vamos ou não falar com alguém que nos ofendeu? (w23.03 31 § 18)</p>
<p id="p239">Que joias espirituais você encontrou na leitura da Bíblia desta semana?</p></level3>
<level3><h3 id="p240">3. Leitura da Bíblia</h3>
<p id="p241">(4 min) Ecl. 8:1-13 (th lição 10)</p></level3></level2>
<level2><h2 id="p242">FAÇA SEU MELHOR NO MINISTÉRIO</h2>
<level3><h3 id="p243">4. Iniciando conversas</h3>
<p id="p244">(2 min) TESTEMUNHO PÚBLICO. Descubra um assunto que interessa a pessoa e combine de continuar a conversa depois. (lmd lição 2 ponto 4)</p></level3>
<level3><h3 id="p245">5. Iniciando conversas</h3>
<p id="p246">(2 min) TESTEMUNHO INFORMAL. (lmd lição 2 ponto 3)</p></level3>
<level3><h3 id="p247">6. Cultivando o interesse</h3>
<p id="p248">(2 min) DE CASA EM CASA. Mostre algo no site jw.org. (lmd lição 9 ponto 4)</p></level3>
<level3><h3 id="p249">7. Explicando suas crenças</h3>
<p id="p250">(5 min) Demonstração. <em>ijwfq</em> artigo 50 — Tema: Como são os funerais das Testemunhas de Jeová? (th lição 17)</p></level3></level2>
<level2><h2 id="p251">NOSSA VIDA CRISTÃ</h2>
<level3><h3 id="p252"><strong>Cântico 151</strong></h3>
<p id="p253"><strong>8. Desenvolva uma forte fé na ressurreição</strong></p>
<p id="p254">(15 min) Consideração.</p><p><imggroup><img src="13.jpg" id="i12" /></imggroup></p>
<p id="p255">A promessa de Jeová da ressurreição é uma das coisas mais preciosas que nós temos. Ela nos ensina sobre as qualidades de Jeová: seu poder, sua sabedoria, sua misericórdia e principalmente o amor que ele tem por cada um de nós. — João 3:16.</p>
<p id="p256">Quando temos uma forte fé na ressurreição, conseguimos ver além dos nossos problemas. (2 Cor. 4:16-18) Também podemos sentir uma certa medida de paz e consolo quando enfrentamos situações difíceis, como perseguição, doença ou a morte de alguém que amamos. (1 Tes. 4:13) Não é possível sermos felizes de verdade se não tivermos fé na ressurreição. (1 Cor. 15:19) O que acha de ter o alvo de fortalecer sua fé nessa esperança maravilhosa?</p>
<p id="p257"><strong>Leia</strong> <strong>João 11:21-24.</strong> Depois, pergunte:</p>
<p id="p258">Como Marta mostrou que tinha forte fé na ressurreição?</p>
<p id="p259">Como ela foi recompensada por sua fé? — João 11:38-44.</p>
<p id="p260"><strong>Mostre o VÍDEO</strong> <strong><em>Imite Mulheres Que Mostraram Forte Fé! — Marta.</em></strong> Depois, pergunte:</p>
<p id="p261">Por que a esperança da ressurreição é preciosa para você?</p>
<p id="p262">O que você pode fazer para manter forte a sua fé na ressurreição?</p></level3>
<level3><h3 id="p263">9. Estudo bíblico de congregação</h3>
<p id="p264">(30 min) <em>lfb</em> histórias 26-27</p></level3>
<level3><h3 id="p265">Comentários finais (3 min) | Cântico 124 e oração</h3></level3></level2></level1>
    </bodymatter></book>
</dtbook>
