<?xml version="1.0" encoding="utf-8"?><?xml-stylesheet type="text/css" href="dtbook.2005.basic.css"?>
<!DOCTYPE dtbook PUBLIC "-//NISO//DTD dtbook 2005-3//EN" "http://www.daisy.org/z3986/2005/dtbook-2005-3.dtd">
<dtbook xmlns="http://www.daisy.org/z3986/2005/dtbook/" version="2005-2" xml:lang="pt">
    <head>
        <meta name="dt:version" content="1.0" />
        <meta name="dc:Title" content="Nossa Vida e Ministério Cristão — Apostila da Reunião 202509"/>
        <meta name="dc:Creator" content="Watchtower"/>
        <meta name="dc:Publisher" content="Watch Tower Bible and Tract Society of Pennsylvania"/>
        <meta name="dc:Date" content="None"/>
        <meta name="dc:Language" content="pt" />
        <meta name="dc:identifier" content="" />
        <meta name="dtb:uid" content=""/>
        <meta name="generator" content="Anemone 1.81 (http://ssb22.user.srcf.net/anemone)"/>
    </head>
    <book>
        <frontmatter><doctitle>Nossa Vida e Ministério Cristão — Apostila da Reunião 202509</doctitle><docauthor>Watchtower</docauthor></frontmatter><bodymatter>
<level1><h1 id="p267">20-26 de outubro</h1>
<level2><h2 id="p268"><strong>ECLESIASTES 9-10</strong></h2>
<level3><h3 id="p269"><strong>Cântico 30</strong> <strong>e oração | Comentários iniciais</strong> (1 min)</h3></level3></level2>
<level2><h2 id="p270">TESOUROS DA PALAVRA DE DEUS</h2>
<level3><h3 id="p271">1. Encare seus problemas da maneira correta</h3>
<p id="p272">(10 min)</p>
<p id="p273">Sabemos que passar por dificuldades não significa que perdemos a aprovação de Jeová. (Ecl. 9:11; <em>w13</em> 15/8 14 §§ 20-21)</p>
<p id="p274">Não esperamos justiça enquanto vivemos no mundo de Satanás. (Ecl. 10:7; <em>w19.09</em> 5 § 10)</p>
<p id="p275">Devemos tirar tempo para aproveitar as coisas boas que Jeová nos dá, mesmo quando enfrentamos dificuldades. (Ecl. 9:7, 10; <em>w11</em> 15/10 8 §§ 1-2)</p><p><imggroup><img src="14.jpg" id="i13" /></imggroup></p></level3>
<level3><h3 id="p276">2. Joias espirituais</h3>
<p id="p277">(10 min)</p>
<p id="p278">Ecl. 10:12-14 — De acordo com esses versículos, por que a tagarelice é perigosa? (it “Tagarelice, Calúnia” §§ 4, 8)</p>
<p id="p279">Que joias espirituais você encontrou na leitura da Bíblia desta semana?</p></level3>
<level3><h3 id="p280">3. Leitura da Bíblia</h3>
<p id="p281">(4 min) Ecl. 10:1-20 (th lição 11)</p></level3></level2>
<level2><h2 id="p282">FAÇA SEU MELHOR NO MINISTÉRIO</h2>
<level3><h3 id="p283">4. Iniciando conversas</h3>
<p id="p284">(3 min) TESTEMUNHO PÚBLICO. Comece a conversar com alguém que parece estar triste. (lmd lição 3 ponto 4)</p></level3>
<level3><h3 id="p285">5. Iniciando conversas</h3>
<p id="p286">(4 min) TESTEMUNHO INFORMAL. A pessoa fala que está preocupada com a economia. Fale sobre uma das “Verdades que amamos ensinar”, do apêndice A da brochura <em>Ame as Pessoas.</em> (lmd lição 4 ponto 4)</p></level3>
<level3><h3 id="p287">6. Fazendo discípulos</h3>
<p id="p288">(5 min) <em>lff</em> lição 17 “Resumo”, “Revisão” e “Tente o Seguinte” (lmd lição 12 ponto 3)</p></level3></level2>
<level2><h2 id="p289">NOSSA VIDA CRISTÃ</h2>
<level3><h3 id="p290"><strong>Cântico 47</strong></h3>
<p id="p291"><strong>7. Como ter estabilidade quando enfrentar uma tragédia</strong></p>
<p id="p292">(15 min) Consideração.</p>
<p id="p293">Todos os dias, nós enfrentamos vários tipos de problemas. Mas alguns problemas acontecem tão de repente e são tão difíceis que podemos nos sentir sobrecarregados em sentido emocional, físico e até espiritual. Então, como podemos encontrar estabilidade quando enfrentamos uma tragédia?</p>
<p id="p294">Não importa que situação estejamos passando, Jeová sempre vai nos ‘dar estabilidade’. (Isa. 33:6) Para sentir a ajuda de Jeová, precisamos ser equilibrados e reconhecer nossos limites. (Pro. 11:2) Se passarmos por uma tragédia, vamos precisar de tempo: tempo para cuidar de nós mesmos ou de alguém que amamos, tempo para tomar boas decisões e tempo para nos permitir sentir a nossa dor. — Ecl. 4:6.</p>
<p id="p295">Jeová usa seus servos para fortalecer uns aos outros. Então, também precisamos estar dispostos a aceitar ou pedir ajuda. Lembre-se que seus irmãos te amam muito e ficam felizes de ajudar você.</p>
<p id="p296"><strong>Leia</strong> <strong>2 Coríntios 4:7-9.</strong> Depois, pergunte:</p>
<p id="p297">Por que devemos fazer o nosso melhor para continuar assistindo às reuniões, lendo a Bíblia e pregando, mesmo quando for difícil fazer isso?</p><p><imggroup><img src="15.jpg" id="i14" /></imggroup></p>
<p id="p298"><strong>Mostre o VÍDEO</strong> <strong><em>“Jeová Está Perto dos Que Têm Coração Quebrantado”.</em></strong> Depois, pergunte:</p>
<p id="p299">Como Jeová ajudou o irmão Gary e a irmã Beth?</p>
<p id="p300">Como os irmãos os ajudaram?</p>
<p id="p301">O que mais você aprendeu do exemplo desse casal?</p></level3>
<level3><h3 id="p302">8. Estudo bíblico de congregação</h3>
<p id="p303">(30 min) <em>lfb</em> história 28, introdução da seção 6 e história 29</p></level3>
<level3><h3 id="p304">Comentários finais (3 min) | Cântico 28 e oração</h3></level3></level2></level1>
    </bodymatter></book>
</dtbook>
