<?xml version="1.0" encoding="utf-8"?><?xml-stylesheet type="text/css" href="dtbook.2005.basic.css"?>
<!DOCTYPE dtbook PUBLIC "-//NISO//DTD dtbook 2005-3//EN" "http://www.daisy.org/z3986/2005/dtbook-2005-3.dtd">
<dtbook xmlns="http://www.daisy.org/z3986/2005/dtbook/" version="2005-2" xml:lang="pt">
    <head>
        <meta name="dt:version" content="1.0" />
        <meta name="dc:Title" content="Nossa Vida e Ministério Cristão — Apostila da Reunião 202509"/>
        <meta name="dc:Creator" content="Watchtower"/>
        <meta name="dc:Publisher" content="Watch Tower Bible and Tract Society of Pennsylvania"/>
        <meta name="dc:Date" content="None"/>
        <meta name="dc:Language" content="pt" />
        <meta name="dc:identifier" content="" />
        <meta name="dtb:uid" content=""/>
        <meta name="generator" content="Anemone 1.81 (http://ssb22.user.srcf.net/anemone)"/>
    </head>
    <book>
        <frontmatter><doctitle>Nossa Vida e Ministério Cristão — Apostila da Reunião 202509</doctitle><docauthor>Watchtower</docauthor></frontmatter><bodymatter>
<level1><h1 id="p306">27 de outubro–2 de novembro</h1>
<level2><h2 id="p307"><strong>ECLESIASTES 11-12</strong></h2>
<level3><h3 id="p308"><strong>Cântico 155</strong> <strong>e oração | Comentários iniciais</strong> (1 min)</h3></level3></level2>
<level2><h2 id="p309">TESOUROS DA PALAVRA DE DEUS</h2>
<level3><h3 id="p310">1. Tenha uma vida feliz e saudável</h3>
<p id="p311">(10 min)</p>
<p id="p312">Sempre que possível, tire tempo para ficar ao ar livre e tomar um pouco de sol. (Ecl. 11:7, 8; <em>g</em> 3/15 13 §§ 6-7)</p>
<p id="p313">Cuide da sua saúde física e emocional. (Ecl. 11:10; <em>w23.02</em> 21 §§ 6-7)</p>
<p id="p314">Acima de tudo, adore a Jeová de todo o coração. (Ecl. 12:13; <em>w24.09</em> 2 §§ 2-3)</p><p><imggroup><img src="16.jpg" id="i15" /></imggroup></p></level3>
<level3><h3 id="p315">2. Joias espirituais</h3>
<p id="p316">(10 min)</p>
<p id="p317">Ecl. 12:9, 10 — O que esses versículos nos ensinam sobre os homens que Jeová usou para escrever a Bíblia? (it “Inspiração” § 10)</p>
<p id="p318">Que joias espirituais você encontrou na leitura da Bíblia desta semana?</p></level3>
<level3><h3 id="p319">3. Leitura da Bíblia</h3>
<p id="p320">(4 min) Ecl. 12:1-14 (th lição 12)</p></level3></level2>
<level2><h2 id="p321">FAÇA SEU MELHOR NO MINISTÉRIO</h2>
<level3><h3 id="p322">4. Cultivando o interesse</h3>
<p id="p323">(3 min) DE CASA EM CASA. (lmd lição 8 ponto 3)</p></level3>
<level3><h3 id="p324">5. Cultivando o interesse</h3>
<p id="p325">(4 min) TESTEMUNHO INFORMAL. Numa conversa anterior, a pessoa contou para você que perdeu alguém querido recentemente. (lmd lição 9 ponto 3)</p></level3>
<level3><h3 id="p326">6. Discurso</h3>
<p id="p327">(5 min) <em>lmd</em> apêndice A ponto 13 — Tema: Deus quer nos ajudar. (th lição 20)</p></level3></level2>
<level2><h2 id="p328">NOSSA VIDA CRISTÃ</h2>
<level3><h3 id="p329"><strong>Cântico 111</strong></h3></level3>
<level3><h3 id="p330">7. Necessidades locais</h3>
<p id="p331">(15 min)</p></level3>
<level3><h3 id="p332">8. Estudo bíblico de congregação</h3>
<p id="p333">(30 min) <em>lfb</em> histórias 30-31</p></level3>
<level3><h3 id="p334">Comentários finais (3 min) | Cântico 8 e oração</h3></level3></level2></level1>
    </bodymatter></book>
</dtbook>
