<?xml version="1.0" encoding="utf-8"?><?xml-stylesheet type="text/css" href="dtbook.2005.basic.css"?>
<!DOCTYPE dtbook PUBLIC "-//NISO//DTD dtbook 2005-3//EN" "http://www.daisy.org/z3986/2005/dtbook-2005-3.dtd">
<dtbook xmlns="http://www.daisy.org/z3986/2005/dtbook/" version="2005-2" xml:lang="pt">
    <head>
        <meta name="dt:version" content="1.0" />
        <meta name="dc:Title" content="Nossa Vida e Ministério Cristão — Apostila da Reunião 202507"/>
        <meta name="dc:Creator" content="Watchtower"/>
        <meta name="dc:Publisher" content="Watch Tower Bible and Tract Society of Pennsylvania"/>
        <meta name="dc:Date" content="None"/>
        <meta name="dc:Language" content="pt" />
        <meta name="dc:identifier" content="" />
        <meta name="dtb:uid" content=""/>
        <meta name="generator" content="Anemone 1.81 (http://ssb22.user.srcf.net/anemone)"/>
    </head>
    <book>
        <frontmatter><doctitle>Nossa Vida e Ministério Cristão — Apostila da Reunião 202507</doctitle><docauthor>Watchtower</docauthor></frontmatter><bodymatter>
<level1><h1 id="p1">7-13 de julho</h1>
<level2><h2 id="p2"><strong>PROVÉRBIOS 21</strong></h2>
<level3><h3 id="p3"><strong>Cântico 98</strong> <strong>e oração | Comentários iniciais</strong> (1 min)</h3></level3></level2>
<level2><h2 id="p4">TESOUROS DA PALAVRA DE DEUS</h2>
<level3><h3 id="p5">1. Sábios princípios para ter um casamento feliz</h3>
<p id="p6">(10 min)</p>
<p id="p7">Não se case de forma precipitada. (Pro. 21:5; <em>w03</em> 15/10 4 § 5)</p>
<p id="p8">Quando surgirem desentendimentos, seja humilde. (Pro. 21:2, 4; <em>g</em> 7/08 7 § 2)</p>
<p id="p9">Sejam pacientes e bondosos um com o outro. (Pro. 21:19; <em>w06</em> 15/9 28 § 13)</p><p><imggroup><img src="1.jpg" id="i0" /></imggroup></p></level3>
<level3><h3 id="p10">2. Joias espirituais</h3>
<p id="p11">(10 min)</p>
<p id="p12">Pro. 21:31 — Como esse versículo nos ajuda a entender melhor a profecia de Apocalipse 6:2? (w05 15/1 17 § 9)</p>
<p id="p13">Que joias espirituais você encontrou na leitura da Bíblia desta semana?</p></level3>
<level3><h3 id="p14">3. Leitura da Bíblia</h3>
<p id="p15">(4 min) Pro. 21:1-18 (th lição 5)</p></level3></level2>
<level2><h2 id="p16">FAÇA SEU MELHOR NO MINISTÉRIO</h2>
<level3><h3 id="p17">4. Iniciando conversas</h3>
<p id="p18">(3 min) DE CASA EM CASA. (lmd lição 3 ponto 3)</p></level3>
<level3><h3 id="p19">5. Cultivando o interesse</h3>
<p id="p20">(4 min) TESTEMUNHO INFORMAL. (lmd lição 7 ponto 3)</p></level3>
<level3><h3 id="p21">6. Explicando suas crenças</h3>
<p id="p22">(5 min) Demonstração. <em>ijwfq</em> artigo 54 — Tema: O que as Testemunhas de Jeová pensam sobre o divórcio? (lmd lição 4 ponto 3)</p></level3></level2>
<level2><h2 id="p23">NOSSA VIDA CRISTÃ</h2>
<level3><h3 id="p24"><strong>Cântico 132</strong></h3></level3>
<level3><h3 id="p25">7. Mostre respeito no seu casamento</h3>
<p id="p26">(15 min) Consideração.</p><p><imggroup><img src="2.jpg" id="i1" /></imggroup></p>
<p id="p27">Quando você se casa, você faz um voto diante de Jeová de que vai amar e respeitar seu marido ou sua esposa. Isso significa que o modo como você trata seu marido ou sua esposa afeta sua amizade com Jeová. — Pro. 20:25; 1 Ped. 3:7.</p>
<p id="p28"><strong>Mostre o VÍDEO</strong> <strong><em>Como Ser Feliz no Casamento? — Mostre Respeito.</em></strong> Depois, pergunte:</p>
<p id="p29">Por que é importante mostrar respeito ao seu marido ou à sua esposa?</p>
<p id="p30">Que mudanças talvez precisemos fazer para mostrar mais respeito?</p>
<p id="p31">Quais são alguns princípios da Bíblia que podem nos ajudar?</p>
<p id="p32">Quais são algumas maneiras de mostrar respeito pelo seu marido ou sua esposa?</p>
<p id="p33">Em que devemos nos concentrar com relação ao nosso marido ou nossa esposa? Por quê?</p></level3>
<level3><h3 id="p34">8. Estudo bíblico de congregação</h3>
<p id="p35">(30 min) <em>bt</em> cap. 28 §§ 16-22</p></level3>
<level3><h3 id="p36">Comentários finais (3 min) | Cântico 72 e oração</h3></level3></level2></level1>
    </bodymatter></book>
</dtbook>
