<?xml version="1.0" encoding="utf-8"?><?xml-stylesheet type="text/css" href="dtbook.2005.basic.css"?>
<!DOCTYPE dtbook PUBLIC "-//NISO//DTD dtbook 2005-3//EN" "http://www.daisy.org/z3986/2005/dtbook-2005-3.dtd">
<dtbook xmlns="http://www.daisy.org/z3986/2005/dtbook/" version="2005-2" xml:lang="pt">
    <head>
        <meta name="dt:version" content="1.0" />
        <meta name="dc:Title" content="Nossa Vida e Ministério Cristão — Apostila da Reunião 202507"/>
        <meta name="dc:Creator" content="Watchtower"/>
        <meta name="dc:Publisher" content="Watch Tower Bible and Tract Society of Pennsylvania"/>
        <meta name="dc:Date" content="None"/>
        <meta name="dc:Language" content="pt" />
        <meta name="dc:identifier" content="" />
        <meta name="dtb:uid" content=""/>
        <meta name="generator" content="Anemone 1.81 (http://ssb22.user.srcf.net/anemone)"/>
    </head>
    <book>
        <frontmatter><doctitle>Nossa Vida e Ministério Cristão — Apostila da Reunião 202507</doctitle><docauthor>Watchtower</docauthor></frontmatter><bodymatter>
<level1><h1 id="p38">14-20 de julho</h1>
<level2><h2 id="p39"><strong>PROVÉRBIOS 22</strong></h2>
<level3><h3 id="p40"><strong>Cântico 79</strong> <strong>e oração | Comentários iniciais</strong> (1 min)</h3></level3></level2>
<level2><h2 id="p41">TESOUROS DA PALAVRA DE DEUS</h2>
<level3><h3 id="p42">1. Sábios princípios para criar filhos</h3>
<p id="p43">(10 min)</p>
<p id="p44">Prepare seus filhos para as dificuldades da vida. (Pro. 22:3; <em>w20.10</em> 27 § 7)</p>
<p id="p45">Treine seus filhos desde o nascimento. (Pro. 22:6; <em>w19.12</em> 26 §§ 17-19)</p>
<p id="p46">Discipline seus filhos com amor. (Pro. 22:15; <em>w06</em> 1/4 9 § 4)</p><p><imggroup><img src="3.jpg" id="i2" /></imggroup></p></level3>
<level3><h3 id="p47">2. Joias espirituais</h3>
<p id="p48">(10 min)</p>
<p id="p49">Pro. 22:29 — Como podemos aplicar esse provérbio às atividades da congregação, e por que é bom fazer isso? (w21.08 22 § 11)</p>
<p id="p50">Que joias espirituais você encontrou na leitura da Bíblia desta semana?</p></level3>
<level3><h3 id="p51">3. Leitura da Bíblia</h3>
<p id="p52">(4 min) Pro. 22:1-19 (th lição 10)</p></level3></level2>
<level2><h2 id="p53">FAÇA SEU MELHOR NO MINISTÉRIO</h2>
<level3><h3 id="p54">4. Iniciando conversas</h3>
<p id="p55">(3 min) DE CASA EM CASA. (lmd lição 5 ponto 4)</p></level3>
<level3><h3 id="p56">5. Iniciando conversas</h3>
<p id="p57">(4 min) TESTEMUNHO INFORMAL. Mostre para a pessoa como encontrar no jw.org informações úteis para os pais. (lmd lição 1 ponto 4)</p></level3>
<level3><h3 id="p58">6. Discurso</h3>
<p id="p59">(5 min) <em>ijwyp</em> artigo 100 — Tema: O que fazer se eu desobedeci meus pais? (th lição 20)</p></level3></level2>
<level2><h2 id="p60">NOSSA VIDA CRISTÃ</h2>
<level3><h3 id="p61"><strong>Cântico 134</strong></h3></level3>
<level3><h3 id="p62">7. Seja paciente, mas não aceite mau comportamento</h3>
<p id="p63">(15 min) Consideração.</p>
<p id="p64">Criar filhos exige muita paciência. Os pais precisam sempre dar atenção aos filhos e passar tempo com eles sem pressa. (Deut. 6:6, 7) Para saber o que os filhos têm no coração, os pais precisam fazer perguntas e escutar de verdade o que eles têm a dizer. (Pro. 20:5) Além disso, os pais talvez tenham que repetir a mesma coisa várias vezes até os filhos entenderem e obedecerem.</p>
<p id="p65">Mas ser paciente não significa tolerar mau comportamento. Jeová deu autoridade aos pais para determinar o que os filhos podem ou não podem fazer e também para discipliná-los quando desobedecerem. — Pro. 6:20; 23:13.</p>
<p id="p66"><strong>Leia</strong> <strong>Efésios 4:31.</strong> Depois, pergunte:</p>
<p id="p67">Por que os pais devem esperar a raiva passar, antes de disciplinar os filhos?</p>
<p id="p68"><strong>Leia</strong> <strong>Gálatas 6:7.</strong> Depois, pergunte:</p>
<p id="p69">Por que é importante que os pais ensinem aos filhos que tudo que fazemos tem consequências?</p><p><imggroup><img src="4.jpg" id="i3" /></imggroup></p>
<p id="p70"><strong>Mostre o VÍDEO</strong> <strong><em>‘Com Paciência, Suportem uns aos Outros em Amor’ — Seus Filhos.</em></strong> Depois, pergunte:</p>
<p id="p71">Que lições você aprendeu com esse vídeo?</p></level3>
<level3><h3 id="p72">8. Estudo bíblico de congregação</h3>
<p id="p73">(30 min) <em>lfb</em> “Carta do Corpo Governante”, introdução da seção 1 e história 1</p></level3>
<level3><h3 id="p74">Comentários finais (3 min) | Cântico 6 e oração</h3></level3></level2></level1>
    </bodymatter></book>
</dtbook>
