<?xml version="1.0" encoding="utf-8"?><?xml-stylesheet type="text/css" href="dtbook.2005.basic.css"?>
<!DOCTYPE dtbook PUBLIC "-//NISO//DTD dtbook 2005-3//EN" "http://www.daisy.org/z3986/2005/dtbook-2005-3.dtd">
<dtbook xmlns="http://www.daisy.org/z3986/2005/dtbook/" version="2005-2" xml:lang="pt">
    <head>
        <meta name="dt:version" content="1.0" />
        <meta name="dc:Title" content="Nossa Vida e Ministério Cristão — Apostila da Reunião 202507"/>
        <meta name="dc:Creator" content="Watchtower"/>
        <meta name="dc:Publisher" content="Watch Tower Bible and Tract Society of Pennsylvania"/>
        <meta name="dc:Date" content="None"/>
        <meta name="dc:Language" content="pt" />
        <meta name="dc:identifier" content="" />
        <meta name="dtb:uid" content=""/>
        <meta name="generator" content="Anemone 1.81 (http://ssb22.user.srcf.net/anemone)"/>
    </head>
    <book>
        <frontmatter><doctitle>Nossa Vida e Ministério Cristão — Apostila da Reunião 202507</doctitle><docauthor>Watchtower</docauthor></frontmatter><bodymatter>
<level1><h1 id="p76">21-27 de julho</h1>
<level2><h2 id="p77"><strong>PROVÉRBIOS 23</strong></h2>
<level3><h3 id="p78"><strong>Cântico 97</strong> <strong>e oração | Comentários iniciais</strong> (1 min)</h3></level3></level2>
<level2><h2 id="p79">TESOUROS DA PALAVRA DE DEUS</h2>
<level3><h3 id="p80">1. Sábios princípios para o uso do álcool</h3>
<p id="p81">(10 min)</p>
<p id="p82">Se você decidir beber álcool, não beba demais. (Pro. 23:20, 21; <em>w04</em> 1/12 19 §§ 5-6)</p>
<p id="p83">Tenha em mente as coisas ruins que acontecem quando alguém bebe demais. (Pro. 23:29, 30, 33-35; it-1 304)</p>
<p id="p84">O álcool pode parecer inofensivo, mas não seja enganado. (Pro. 23:31, 32)</p><p><imggroup><img src="5.jpg" id="i4" /></imggroup></p></level3>
<level3><h3 id="p85">2. Joias espirituais</h3>
<p id="p86">(10 min)</p>
<p id="p87">Pro. 23:21 — Qual é a diferença entre a glutonaria e a obesidade? (w04 1/11 31 § 2)</p>
<p id="p88">Que joias espirituais você encontrou na leitura da Bíblia desta semana?</p></level3>
<level3><h3 id="p89">3. Leitura da Bíblia</h3>
<p id="p90">(4 min) Pro. 23:1-24 (th lição 5)</p></level3></level2>
<level2><h2 id="p91">FAÇA SEU MELHOR NO MINISTÉRIO</h2>
<level3><h3 id="p92">4. Iniciando conversas</h3>
<p id="p93">(2 min) TESTEMUNHO PÚBLICO. (lmd lição 3 ponto 5)</p></level3>
<level3><h3 id="p94">5. Cultivando o interesse</h3>
<p id="p95">(5 min) DE CASA EM CASA. Demonstre como é um estudo bíblico. (lmd lição 9 ponto 5)</p></level3>
<level3><h3 id="p96">6. Fazendo discípulos</h3>
<p id="p97">(5 min) Ajude seu estudante que está lutando contra um hábito que desagrada a Jeová. (lmd lição 12 ponto 4)</p></level3></level2>
<level2><h2 id="p98">NOSSA VIDA CRISTÃ</h2>
<level3><h3 id="p99"><strong>Cântico 35</strong></h3></level3>
<level3><h3 id="p100">7. Devo servir bebidas alcoólicas ou não?</h3>
<p id="p101">(8 min) Consideração.</p>
<p id="p102">Será que tem problema servir álcool numa reunião social, como em um casamento? Essa é uma decisão pessoal, mas é uma decisão que deve ser tomada com muito cuidado, pensando em vários princípios bíblicos e analisando cada situação.</p><p><imggroup><img src="6.jpg" id="i5" /></imggroup></p>
<p id="p103"><strong>Mostre o VÍDEO</strong> <strong><em>Devo Servir Bebidas Alcoólicas?.</em></strong> Depois, pergunte:</p>
<p id="p104">Como os princípios bíblicos a seguir podem ajudar alguém a decidir se vai servir álcool ou não?</p>
<p id="p105"><strong>João 2:9</strong> — Jesus transformou água em vinho num casamento.</p>
<p id="p106"><strong>1 Cor. 6:10</strong> — “Os beberrões . . . não herdarão o Reino de Deus.”</p>
<p id="p107"><strong>1 Cor. 10:31, 32</strong> — “Quer vocês comam, quer bebam, . . . façam todas as coisas para a glória de Deus. Não se tornem motivo de tropeço.”</p>
<p id="p108">Quais são algumas circunstâncias que precisamos levar em conta?</p>
<p id="p109">Para tomar boas decisões, por que precisamos usar nossa “faculdade de raciocínio” e equilibrar vários princípios bíblicos? — Rom. 12:1; Ecl. 7:16-18.</p></level3>
<level3><h3 id="p110">8. Necessidades locais</h3>
<p id="p111">(7 min)</p></level3>
<level3><h3 id="p112">9. Estudo bíblico de congregação</h3>
<p id="p113">(30 min) <em>lfb</em> história 2, introdução da seção 2 e história 3</p></level3>
<level3><h3 id="p114">Comentários finais (3 min) | Cântico 40 e oração</h3></level3></level2></level1>
    </bodymatter></book>
</dtbook>
