<?xml version="1.0" encoding="utf-8"?><?xml-stylesheet type="text/css" href="dtbook.2005.basic.css"?>
<!DOCTYPE dtbook PUBLIC "-//NISO//DTD dtbook 2005-3//EN" "http://www.daisy.org/z3986/2005/dtbook-2005-3.dtd">
<dtbook xmlns="http://www.daisy.org/z3986/2005/dtbook/" version="2005-2" xml:lang="pt">
    <head>
        <meta name="dt:version" content="1.0" />
        <meta name="dc:Title" content="Nossa Vida e Ministério Cristão — Apostila da Reunião 202507"/>
        <meta name="dc:Creator" content="Watchtower"/>
        <meta name="dc:Publisher" content="Watch Tower Bible and Tract Society of Pennsylvania"/>
        <meta name="dc:Date" content="None"/>
        <meta name="dc:Language" content="pt" />
        <meta name="dc:identifier" content="" />
        <meta name="dtb:uid" content=""/>
        <meta name="generator" content="Anemone 1.81 (http://ssb22.user.srcf.net/anemone)"/>
    </head>
    <book>
        <frontmatter><doctitle>Nossa Vida e Ministério Cristão — Apostila da Reunião 202507</doctitle><docauthor>Watchtower</docauthor></frontmatter><bodymatter>
<level1><h1 id="p116">28 de julho–3 de agosto</h1>
<level2><h2 id="p117"><strong>PROVÉRBIOS 24</strong></h2>
<level3><h3 id="p118"><strong>Cântico 38</strong> <strong>e oração | Comentários iniciais</strong> (1 min)</h3></level3></level2>
<level2><h2 id="p119">TESOUROS DA PALAVRA DE DEUS</h2>
<level3><h3 id="p120">1. Como se fortalecer para enfrentar dificuldades</h3>
<p id="p121">(10 min)</p>
<p id="p122">Aumente seu conhecimento e sabedoria. (Pro. 24:5; it-2 643 § 2)</p>
<p id="p123">Mantenha sua rotina espiritual, mesmo quando estiver desanimado. (Pro. 24:10; <em>w09</em> 15/12 18 §§ 12-13)</p>
<p id="p124">Estar forte em sentido espiritual vai ajudar você a se recuperar quando passar por dificuldades. (Pro. 24:16; w20.12 15)</p><p><imggroup><img src="7.jpg" id="i6" /></imggroup></p></level3>
<level3><h3 id="p125">2. Joias espirituais</h3>
<p id="p126">(10 min)</p>
<p id="p127">Pro. 24:27 — O que esse provérbio nos ensina? (w09 15/10 12)</p>
<p id="p128">Que joias espirituais você encontrou na leitura da Bíblia desta semana?</p></level3>
<level3><h3 id="p129">3. Leitura da Bíblia</h3>
<p id="p130">(4 min) Pro. 24:1-20 (th lição 11)</p></level3></level2>
<level2><h2 id="p131">FAÇA SEU MELHOR NO MINISTÉRIO</h2>
<level3><h3 id="p132">4. Iniciando conversas</h3>
<p id="p133">(2 min) TESTEMUNHO INFORMAL. A conversa acaba antes de você conseguir dar testemunho. (lmd lição 2 ponto 4)</p></level3>
<level3><h3 id="p134">5. Iniciando conversas</h3>
<p id="p135">(3 min) DE CASA EM CASA. (lmd lição 3 ponto 4)</p></level3>
<level3><h3 id="p136">6. Iniciando conversas</h3>
<p id="p137">(3 min) TESTEMUNHO PÚBLICO. Fale para a pessoa sobre o nosso curso da Bíblia e deixe o cartão sobre o curso bíblico. (lmd lição 4 ponto 3)</p></level3>
<level3><h3 id="p138">7. Discurso</h3>
<p id="p139">(3 min) <em>lmd</em> apêndice A ponto 11 — Tema: Deus se comunica conosco. (th lição 6)</p></level3></level2>
<level2><h2 id="p140">NOSSA VIDA CRISTÃ</h2>
<level3><h3 id="p141"><strong>Cântico 99</strong></h3></level3>
<level3><h3 id="p142">8. Ajudem uns aos outros em situações difíceis</h3>
<p id="p143">(15 min) Consideração.</p>
<p id="p144">A qualquer momento, pode acontecer um surto de doença, um desastre natural, protestos violentos contra o governo, uma guerra ou uma perseguição. Quando coisas assim acontecem, os irmãos afetados se juntam para ajudar e encorajar uns aos outros. Mas, mesmo quando não somos afetados diretamente, sentimos a dor dos nossos irmãos e fazemos nosso melhor para ajudá-los. — 1 Cor. 12:25, 26.</p><p><imggroup><img src="8.jpg" id="i7" /></imggroup></p>
<p id="p145"><strong>Leia</strong> <strong>1 Reis 13:6</strong> <strong>e</strong> <strong>Tiago 5:16b.</strong> Depois, pergunte:</p>
<p id="p146">Por que as orações dos servos de Deus em favor de outros são poderosas?</p>
<p id="p147"><strong>Leia</strong> <strong>Marcos 12:42-44</strong> <strong>e</strong> <strong>2 Coríntios 8:1-4.</strong> Depois, pergunte:</p>
<p id="p148">Pode ser que não tenhamos muito dinheiro e, por isso, não conseguimos doar muito para a obra mundial, para ajudar nossos irmãos que estão em dificuldade. Por que mesmo assim é bom fazer isso?</p>
<p id="p149"><strong>Mostre o VÍDEO</strong> <strong><em>Fortalecendo os Irmãos Durante Proscrição.</em></strong> Depois, pergunte:</p>
<p id="p150">Motivados por amor, que sacrifícios nossos irmãos fizeram para ajudar os irmãos da Europa Oriental que viviam onde a obra estava proibida?</p>
<p id="p151">Mesmo na proscrição, como nossos irmãos obedeceram à ordem de se reunir e encorajar uns aos outros? — Heb. 10:24, 25.</p></level3>
<level3><h3 id="p152">9. Estudo bíblico de congregação</h3>
<p id="p153">(30 min) <em>lfb</em> histórias 4-5</p></level3>
<level3><h3 id="p154">Comentários finais (3 min) | Cântico 112 e oração</h3></level3></level2></level1>
    </bodymatter></book>
</dtbook>
