<?xml version="1.0" encoding="utf-8"?><?xml-stylesheet type="text/css" href="dtbook.2005.basic.css"?>
<!DOCTYPE dtbook PUBLIC "-//NISO//DTD dtbook 2005-3//EN" "http://www.daisy.org/z3986/2005/dtbook-2005-3.dtd">
<dtbook xmlns="http://www.daisy.org/z3986/2005/dtbook/" version="2005-2" xml:lang="pt">
    <head>
        <meta name="dt:version" content="1.0" />
        <meta name="dc:Title" content="Nossa Vida e Ministério Cristão — Apostila da Reunião 202507"/>
        <meta name="dc:Creator" content="Watchtower"/>
        <meta name="dc:Publisher" content="Watch Tower Bible and Tract Society of Pennsylvania"/>
        <meta name="dc:Date" content="None"/>
        <meta name="dc:Language" content="pt" />
        <meta name="dc:identifier" content="" />
        <meta name="dtb:uid" content=""/>
        <meta name="generator" content="Anemone 1.81 (http://ssb22.user.srcf.net/anemone)"/>
    </head>
    <book>
        <frontmatter><doctitle>Nossa Vida e Ministério Cristão — Apostila da Reunião 202507</doctitle><docauthor>Watchtower</docauthor></frontmatter><bodymatter>
<level1><h1 id="p156">4-10 de agosto</h1>
<level2><h2 id="p157"><strong>PROVÉRBIOS 25</strong></h2>
<level3><h3 id="p158"><strong>Cântico 154</strong> <strong>e oração | Comentários iniciais</strong> (1 min)</h3></level3></level2>
<level2><h2 id="p159">TESOUROS DA PALAVRA DE DEUS</h2><p><imggroup><img src="9.jpg" id="i8" /></imggroup></p>
<level3><h3 id="p160">1. Sábios princípios para usar a fala da melhor maneira</h3>
<p id="p161">(10 min)</p>
<p id="p162">Escolha a hora certa para falar. (Pro. 25:11; <em>w15</em> 15/12 19 §§ 6-7)</p>
<p id="p163">Fale de modo bondoso e gentil. (Pro. 25:15; <em>w15</em> 15/12 21 §§ 15-16; veja a imagem)</p>
<p id="p164">Fale palavras que reanimem outros. (Pro. 25:25; <em>w95</em> 1/4 17 § 8)</p><p><imggroup><img src="10.jpg" id="i9" /></imggroup></p>
<p id="p165">Jesus em uma sinagoga em Nazaré. As pessoas ficam maravilhadas com a forma como ele fala.</p></level3>
<level3><h3 id="p166">2. Joias espirituais</h3>
<p id="p167">(10 min)</p>
<p id="p168">Pro. 25:28 — O que esse provérbio quer dizer? (it-1 379)</p>
<p id="p169">Que joias espirituais você encontrou na leitura da Bíblia desta semana?</p></level3>
<level3><h3 id="p170">3. Leitura da Bíblia</h3>
<p id="p171">(4 min) Pro. 25:1-17 (th lição 10)</p></level3></level2>
<level2><h2 id="p172">FAÇA SEU MELHOR NO MINISTÉRIO</h2>
<level3><h3 id="p173">4. Iniciando conversas</h3>
<p id="p174">(3 min) TESTEMUNHO INFORMAL. Comece a conversar com alguém que parece estar triste. (lmd lição 3 ponto 3)</p></level3>
<level3><h3 id="p175">5. Cultivando o interesse</h3>
<p id="p176">(4 min) DE CASA EM CASA. A pessoa diz para você que é muito religiosa. (lmd lição 8 ponto 4)</p></level3>
<level3><h3 id="p177">6. Discurso</h3>
<p id="p178">(5 min) <em>ijwyp</em> artigo 23 — Tema: O que fazer se estão falando mal de mim? (th lição 13)</p></level3></level2>
<level2><h2 id="p179">NOSSA VIDA CRISTÃ</h2>
<level3><h3 id="p180"><strong>Cântico 123</strong></h3></level3>
<level3><h3 id="p181">7. Necessidades locais</h3>
<p id="p182">(15 min)</p></level3>
<level3><h3 id="p183">8. Estudo bíblico de congregação</h3>
<p id="p184">(30 min) <em>lfb</em> história 6, introdução da seção 3 e história 7</p></level3>
<level3><h3 id="p185">Comentários finais (3 min) | Cântico 150 e oração</h3></level3></level2></level1>
    </bodymatter></book>
</dtbook>
