<?xml version="1.0" encoding="utf-8"?><?xml-stylesheet type="text/css" href="dtbook.2005.basic.css"?>
<!DOCTYPE dtbook PUBLIC "-//NISO//DTD dtbook 2005-3//EN" "http://www.daisy.org/z3986/2005/dtbook-2005-3.dtd">
<dtbook xmlns="http://www.daisy.org/z3986/2005/dtbook/" version="2005-2" xml:lang="pt">
    <head>
        <meta name="dt:version" content="1.0" />
        <meta name="dc:Title" content="Nossa Vida e Ministério Cristão — Apostila da Reunião 202507"/>
        <meta name="dc:Creator" content="Watchtower"/>
        <meta name="dc:Publisher" content="Watch Tower Bible and Tract Society of Pennsylvania"/>
        <meta name="dc:Date" content="None"/>
        <meta name="dc:Language" content="pt" />
        <meta name="dc:identifier" content="" />
        <meta name="dtb:uid" content=""/>
        <meta name="generator" content="Anemone 1.81 (http://ssb22.user.srcf.net/anemone)"/>
    </head>
    <book>
        <frontmatter><doctitle>Nossa Vida e Ministério Cristão — Apostila da Reunião 202507</doctitle><docauthor>Watchtower</docauthor></frontmatter><bodymatter>
<level1><h1 id="p187">11-17 de agosto</h1>
<level2><h2 id="p188"><strong>PROVÉRBIOS 26</strong></h2>
<level3><h3 id="p189"><strong>Cântico 88</strong> <strong>e oração | Comentários iniciais</strong> (1 min)</h3></level3></level2>
<level2><h2 id="p190">TESOUROS DA PALAVRA DE DEUS</h2>
<level3><h3 id="p191">1. Fique longe de quem é tolo</h3>
<p id="p192">(10 min)</p>
<p id="p193">Quem é tolo raramente merece honra. (Pro. 26:1; it-1 485 § 6)</p>
<p id="p194">Os tolos muitas vezes precisam de uma forte disciplina. (Pro. 26:3; <em>w87</em> 1/10 19 § 12)</p>
<p id="p195">Não dá para confiar em quem é tolo. (Pro. 26:6; it-1 580 § 2)</p>
<p id="p196"><strong>SIGNIFICADO:</strong> Na Bíblia, a palavra “tolo” descreve alguém que não tem bom senso e não obedece aos padrões de Deus do que é certo e errado.</p><p><imggroup><img src="11.jpg" id="i10" /></imggroup></p></level3>
<level3><h3 id="p197">2. Joias espirituais</h3>
<p id="p198">(10 min)</p>
<p id="p199">Pro. 26:4, 5 — Por que podemos dizer que esses versículos não se contradizem? (it-2 1140)</p>
<p id="p200">Que joias espirituais você encontrou na leitura da Bíblia desta semana?</p></level3>
<level3><h3 id="p201">3. Leitura da Bíblia</h3>
<p id="p202">(4 min) Pro. 26:1-20 (th lição 5)</p></level3></level2>
<level2><h2 id="p203">FAÇA SEU MELHOR NO MINISTÉRIO</h2>
<level3><h3 id="p204">4. Iniciando conversas</h3>
<p id="p205">(3 min) DE CASA EM CASA. Use um folheto para iniciar uma conversa. (lmd lição 1 ponto 5)</p></level3>
<level3><h3 id="p206">5. Cultivando o interesse</h3>
<p id="p207">(4 min) DE CASA EM CASA. Continue a conversa sobre um folheto que você deixou na última visita. (lmd lição 7 ponto 4)</p></level3>
<level3><h3 id="p208">6. Fazendo discípulos</h3>
<p id="p209">(5 min) Ajude seu estudante a se preparar para dar testemunho a um parente. (lmd lição 11 ponto 5)</p></level3></level2>
<level2><h2 id="p210">NOSSA VIDA CRISTÃ</h2>
<level3><h3 id="p211"><strong>Cântico 94</strong></h3></level3>
<level3><h3 id="p212">7. Torne-se “sábio para a salvação” por meio do estudo pessoal</h3>
<p id="p213">(15 min) Consideração.</p><p><imggroup><img src="12.jpg" id="i11" /></imggroup></p>
<p id="p214">O apóstolo Paulo lembrou Timóteo do valor dos escritos sagrados que Timóteo tinha aprendido desde a infância. Foram esses escritos que ajudaram Timóteo a se tornar “sábio para a salvação”. (2 Tim. 3:15) As verdades da Bíblia são muito valiosas. Por isso, é importante que cada cristão tire tempo regularmente para ler e estudar a Bíblia. Mas e se você não gosta de estudar?</p>
<p id="p215"><strong>Leia</strong> <strong>1 Pedro 2:2.</strong> Depois, pergunte:</p>
<p id="p216">É possível aprender a gostar de estudar a Bíblia?</p>
<p id="p217">O que você pode fazer para ‘desenvolver forte desejo’ pela Palavra de Deus? — <em>w18.03</em> 29 § 6.</p>
<p id="p218">Como as ferramentas digitais da organização podem nos ajudar a aprender mais quando estudamos a Bíblia?</p>
<p id="p219"><strong>Mostre o VÍDEO</strong> <strong><em>Realizações da Organização — Dicas para Usar o JW Library.</em></strong> Depois, pergunte:</p>
<p id="p220">Como o aplicativo JW Library® tem ajudado você?</p>
<p id="p221">Quais recursos você gosta de usar?</p>
<p id="p222">Quais recursos você quer aprender a usar?</p></level3>
<level3><h3 id="p223">8. Estudo bíblico de congregação</h3>
<p id="p224">(30 min) <em>lfb</em> histórias 8-9</p></level3>
<level3><h3 id="p225">Comentários finais (3 min) | Cântico 89 e oração</h3></level3></level2></level1>
    </bodymatter></book>
</dtbook>
