<?xml version="1.0" encoding="utf-8"?><?xml-stylesheet type="text/css" href="dtbook.2005.basic.css"?>
<!DOCTYPE dtbook PUBLIC "-//NISO//DTD dtbook 2005-3//EN" "http://www.daisy.org/z3986/2005/dtbook-2005-3.dtd">
<dtbook xmlns="http://www.daisy.org/z3986/2005/dtbook/" version="2005-2" xml:lang="pt">
    <head>
        <meta name="dt:version" content="1.0" />
        <meta name="dc:Title" content="Nossa Vida e Ministério Cristão — Apostila da Reunião 202507"/>
        <meta name="dc:Creator" content="Watchtower"/>
        <meta name="dc:Publisher" content="Watch Tower Bible and Tract Society of Pennsylvania"/>
        <meta name="dc:Date" content="None"/>
        <meta name="dc:Language" content="pt" />
        <meta name="dc:identifier" content="" />
        <meta name="dtb:uid" content=""/>
        <meta name="generator" content="Anemone 1.81 (http://ssb22.user.srcf.net/anemone)"/>
    </head>
    <book>
        <frontmatter><doctitle>Nossa Vida e Ministério Cristão — Apostila da Reunião 202507</doctitle><docauthor>Watchtower</docauthor></frontmatter><bodymatter>
<level1><h1 id="p227">18-24 de agosto</h1>
<level2><h2 id="p228"><strong>PROVÉRBIOS 27</strong></h2>
<level3><h3 id="p229"><strong>Cântico 102</strong> <strong>e oração | Comentários iniciais</strong> (1 min)</h3></level3></level2>
<level2><h2 id="p230">TESOUROS DA PALAVRA DE DEUS</h2>
<level3><h3 id="p231">1. Ter amigos de verdade faz bem</h3>
<p id="p232">(10 min)</p>
<p id="p233">Amigos de verdade têm coragem de nos dar conselhos quando precisamos. (Pro. 27:5, 6; <em>w19.09</em> 5 § 12)</p>
<p id="p234">Amigos de verdade talvez consigam nos ajudar mais do que nossos parentes. (Pro. 27:10; it-2 1215 § 5)</p>
<p id="p235">Amigos de verdade nos ajudam a ser pessoas melhores. (Pro. 27:17; <em>w23.09</em> 9 § 7)</p><p><imggroup><img src="13.jpg" id="i12" /></imggroup></p></level3>
<level3><h3 id="p236">2. Joias espirituais</h3>
<p id="p237">(10 min)</p>
<p id="p238">Pro. 27:21 — Por que um elogio pode ser um teste para nós? (w06 15/9 19 § 12)</p>
<p id="p239">Que joias espirituais você encontrou na leitura da Bíblia desta semana?</p></level3>
<level3><h3 id="p240">3. Leitura da Bíblia</h3>
<p id="p241">(4 min) Pro. 27:1-17 (th lição 5)</p></level3></level2>
<level2><h2 id="p242">FAÇA SEU MELHOR NO MINISTÉRIO</h2>
<level3><h3 id="p243">4. Iniciando conversas</h3>
<p id="p244">(3 min) DE CASA EM CASA. A pessoa é de uma religião não cristã. (lmd lição 6 ponto 5)</p></level3>
<level3><h3 id="p245">5. Cultivando o interesse</h3>
<p id="p246">(4 min) TESTEMUNHO INFORMAL. Use um vídeo do Kit de Ensino. (lmd lição 8 ponto 3)</p></level3>
<level3><h3 id="p247">6. Discurso</h3>
<p id="p248">(5 min) <em>ijwyp</em> artigo 75 — Tema: O que fazer se meu amigo me deixou chateado? (th lição 14)</p></level3></level2>
<level2><h2 id="p249">NOSSA VIDA CRISTÃ</h2>
<level3><h3 id="p250"><strong>Cântico 109</strong></h3></level3>
<level3><h3 id="p251">7. “Um irmão em tempos de aflição”</h3>
<p id="p252">(15 min) Consideração.</p>
<p id="p253">Jeová nos deu uma família mundial onde podemos encontrar verdadeiros amigos. Podemos até ser <strong><em>amigáveis</em></strong> com os irmãos na congregação, mas quantos deles são nossos <strong><em>amigos achegados?</em></strong> Para criar uma amizade forte, duas pessoas precisam se conhecer bem, confiar uma na outra, falar sobre seus sentimentos abertamente, fazer coisas juntas e ajudar uma à outra. Por isso, construir e manter amizades leva tempo e exige esforço.</p>
<p id="p254"><strong>Leia</strong> <strong>Provérbios 17:17.</strong> Depois, pergunte:</p>
<p id="p255">Por que é sábio fazer boas amizades agora, antes de começar a grande tribulação?</p>
<p id="p256"><strong>Leia</strong> <strong>2 Coríntios 6:12, 13.</strong> Depois, pergunte:</p>
<p id="p257">Como o conselho nesses versículos pode nos ajudar a fazer amigos?</p><p><imggroup><img src="14.jpg" id="i13" /></imggroup></p>
<p id="p258"><strong>Mostre o VÍDEO</strong> <strong><em>“Para Tudo Há um Tempo Determinado” — Desenvolver Amizades Leva Tempo.</em></strong> Depois, pergunte:</p>
<p id="p259">O que você aprendeu sobre amizades com esse vídeo?</p>
<p id="p260">Você pode plantar a semente da amizade por meio de um sorriso ou um cumprimento amigável e regá-la por mostrar que se importa com a outra pessoa. Leva tempo para uma amizade crescer, então seja paciente e passe tempo junto com a pessoa. Assim, você pode ganhar uma amizade que vai durar para sempre.</p></level3>
<level3><h3 id="p261">8. Estudo bíblico de congregação</h3>
<p id="p262">(30 min) <em>lfb</em> histórias 10-11</p></level3>
<level3><h3 id="p263">Comentários finais (3 min) | Cântico 118 e oração</h3></level3></level2></level1>
    </bodymatter></book>
</dtbook>
