<?xml version="1.0" encoding="utf-8"?><?xml-stylesheet type="text/css" href="dtbook.2005.basic.css"?>
<!DOCTYPE dtbook PUBLIC "-//NISO//DTD dtbook 2005-3//EN" "http://www.daisy.org/z3986/2005/dtbook-2005-3.dtd">
<dtbook xmlns="http://www.daisy.org/z3986/2005/dtbook/" version="2005-2" xml:lang="pt">
    <head>
        <meta name="dt:version" content="1.0" />
        <meta name="dc:Title" content="Nossa Vida e Ministério Cristão — Apostila da Reunião 202507"/>
        <meta name="dc:Creator" content="Watchtower"/>
        <meta name="dc:Publisher" content="Watch Tower Bible and Tract Society of Pennsylvania"/>
        <meta name="dc:Date" content="None"/>
        <meta name="dc:Language" content="pt" />
        <meta name="dc:identifier" content="" />
        <meta name="dtb:uid" content=""/>
        <meta name="generator" content="Anemone 1.81 (http://ssb22.user.srcf.net/anemone)"/>
    </head>
    <book>
        <frontmatter><doctitle>Nossa Vida e Ministério Cristão — Apostila da Reunião 202507</doctitle><docauthor>Watchtower</docauthor></frontmatter><bodymatter>
<level1><h1 id="p265">25-31 de agosto</h1>
<level2><h2 id="p266"><strong>PROVÉRBIOS 28</strong></h2>
<level3><h3 id="p267"><strong>Cântico 150</strong> <strong>e oração | Comentários iniciais</strong> (1 min)</h3></level3></level2>
<level2><h2 id="p268">TESOUROS DA PALAVRA DE DEUS</h2>
<level3><h3 id="p269">1. Diferenças entre os maus e os justos</h3>
<p id="p270">(10 min)</p>
<p id="p271">Os maus sentem medo; os justos são corajosos. (Pro. 28:1; <em>w93</em> 15/5 26 § 2)</p>
<p id="p272">Os maus não conseguem julgar as coisas corretamente; os justos conseguem tomar decisões melhores. (Pro. 28:5; it-1 814 § 2)</p>
<p id="p273">Uma pessoa rica que é má vale menos do que uma pessoa pobre que é justa. (Pro. 28:6; it-1 1237 § 1)</p><p><imggroup><img src="15.jpg" id="i14" /></imggroup></p></level3>
<level3><h3 id="p274">2. Joias espirituais</h3>
<p id="p275">(10 min)</p>
<p id="p276">Pro. 28:14 — Que alerta esse provérbio nos dá? (w01 1/12 12 § 1)</p>
<p id="p277">Que joias espirituais você encontrou na leitura da Bíblia desta semana?</p></level3>
<level3><h3 id="p278">3. Leitura da Bíblia</h3>
<p id="p279">(4 min) Pro. 28:1-17 (th lição 10)</p></level3></level2>
<level2><h2 id="p280">FAÇA SEU MELHOR NO MINISTÉRIO</h2>
<level3><h3 id="p281">4. Iniciando conversas</h3>
<p id="p282">(3 min) DE CASA EM CASA. Fale sobre o fim da guerra e da violência. (lmd lição 5 ponto 5)</p></level3>
<level3><h3 id="p283">5. Iniciando conversas</h3>
<p id="p284">(3 min) DE CASA EM CASA. Fale sobre o fim da guerra e da violência. (lmd lição 5 ponto 4)</p></level3>
<level3><h3 id="p285">6. Iniciando conversas</h3>
<p id="p286">(2 min) TESTEMUNHO PÚBLICO. Fale sobre o fim da guerra e da violência. (lmd lição 1 ponto 4)</p></level3>
<level3><h3 id="p287">7. Iniciando conversas</h3>
<p id="p288">(3 min) TESTEMUNHO INFORMAL. Fale sobre o fim da guerra e da violência. (lmd lição 2 ponto 4)</p></level3></level2>
<level2><h2 id="p289">NOSSA VIDA CRISTÃ</h2>
<level3><h3 id="p290"><strong>Cântico 112</strong></h3></level3>
<level3><h3 id="p291">8. Você odeia a violência?</h3>
<p id="p292">(6 min) Consideração.</p><p><imggroup><img src="16.jpg" id="i15" /></imggroup></p>
<p id="p293">A violência começou com Satanás, o Diabo, a quem Jesus chamou de “assassino”. (João 8:44) Depois que alguns anjos se juntaram à rebelião de Satanás, a violência se espalhou tanto que a Terra ficou arruinada à vista de Deus. (Gên. 6:11) À medida que nos aproximamos do fim deste mundo violento de Satanás, muitas pessoas se tornam ferozes e sem autodomínio. — 2 Tim. 3:1, 3.</p>
<p id="p294"><strong>Leia</strong> <strong>Salmo 11:5.</strong> Depois, pergunte:</p>
<p id="p295">O que Jeová acha das pessoas que amam a violência, e por quê?</p>
<p id="p296">Como podemos ver pelos esportes e pelo entretenimento que o mundo ama a violência?</p>
<p id="p297"><strong>Leia</strong> <strong>Provérbios 22:24, 25.</strong> Depois, pergunte:</p>
<p id="p298">Como nossas escolhas de entretenimento e nossas companhias podem afetar nossa atitude com relação à violência?</p>
<p id="p299">Como nossa escolha de entretenimento pode mostrar se amamos ou não a violência?</p></level3>
<level3><h3 id="p300">9. Campanha especial em setembro</h3>
<p id="p301">(9 min)</p>
<p id="p302">Discurso feito pelo superintendente de serviço. Fale com entusiasmo sobre a campanha e explique o que foi planejado para a congregação.</p>
<p id="p303"><strong>Mostre o VÍDEO</strong> <strong><em>Paz, Enfim!</em> (Cântico do Congresso de 2022).</strong></p></level3>
<level3><h3 id="p304">10. Estudo bíblico de congregação</h3>
<p id="p305">(30 min) <em>lfb</em> histórias 12-13</p></level3>
<level3><h3 id="p306">Comentários finais (3 min) | Cântico 113 e oração</h3></level3></level2></level1>
    </bodymatter></book>
</dtbook>
